<annotation>
	<folder>imagesfix</folder>
	<filename>eagle4.jpg</filename>
	<path>C:\Users\sainty y nico\Documents\imagesfix\eagle4.jpg</path>
	<source>
		<database>Unknown</database>
	</source>
	<size>
		<width>300</width>
		<height>300</height>
		<depth>3</depth>
	</size>
	<segmented>0</segmented>
	<object>
		<name>eagle</name>
		<pose>Unspecified</pose>
		<truncated>1</truncated>
		<difficult>0</difficult>
		<bndbox>
			<xmin>1</xmin>
			<ymin>53</ymin>
			<xmax>299</xmax>
			<ymax>193</ymax>
		</bndbox>
	</object>
</annotation>
