<annotation>
	<folder>imagesfix</folder>
	<filename>eagle13.jpg</filename>
	<path>C:\Users\sainty y nico\Documents\imagesfix\eagle13.jpg</path>
	<source>
		<database>Unknown</database>
	</source>
	<size>
		<width>300</width>
		<height>300</height>
		<depth>3</depth>
	</size>
	<segmented>0</segmented>
	<object>
		<name>eagle</name>
		<pose>Unspecified</pose>
		<truncated>0</truncated>
		<difficult>0</difficult>
		<bndbox>
			<xmin>3</xmin>
			<ymin>19</ymin>
			<xmax>295</xmax>
			<ymax>272</ymax>
		</bndbox>
	</object>
</annotation>
