<annotation>
	<folder>imagesfix</folder>
	<filename>eagle12.jpg</filename>
	<path>C:\Users\sainty y nico\Documents\imagesfix\eagle12.jpg</path>
	<source>
		<database>Unknown</database>
	</source>
	<size>
		<width>300</width>
		<height>300</height>
		<depth>3</depth>
	</size>
	<segmented>0</segmented>
	<object>
		<name>eagle</name>
		<pose>Unspecified</pose>
		<truncated>1</truncated>
		<difficult>0</difficult>
		<bndbox>
			<xmin>80</xmin>
			<ymin>1</ymin>
			<xmax>219</xmax>
			<ymax>300</ymax>
		</bndbox>
	</object>
</annotation>
