<annotation>
	<folder>imagesfix</folder>
	<filename>hawk8.jpg</filename>
	<path>C:\Users\sainty y nico\Documents\imagesfix\hawk8.jpg</path>
	<source>
		<database>Unknown</database>
	</source>
	<size>
		<width>300</width>
		<height>300</height>
		<depth>3</depth>
	</size>
	<segmented>0</segmented>
	<object>
		<name>hawk</name>
		<pose>Unspecified</pose>
		<truncated>0</truncated>
		<difficult>0</difficult>
		<bndbox>
			<xmin>70</xmin>
			<ymin>11</ymin>
			<xmax>201</xmax>
			<ymax>271</ymax>
		</bndbox>
	</object>
</annotation>
