<annotation>
	<folder>imagesfix</folder>
	<filename>hawk7.jpg</filename>
	<path>C:\Users\sainty y nico\Documents\imagesfix\hawk7.jpg</path>
	<source>
		<database>Unknown</database>
	</source>
	<size>
		<width>300</width>
		<height>300</height>
		<depth>3</depth>
	</size>
	<segmented>0</segmented>
	<object>
		<name>hawk</name>
		<pose>Unspecified</pose>
		<truncated>0</truncated>
		<difficult>0</difficult>
		<bndbox>
			<xmin>57</xmin>
			<ymin>19</ymin>
			<xmax>240</xmax>
			<ymax>272</ymax>
		</bndbox>
	</object>
</annotation>
