<annotation>
	<folder>imagesfix</folder>
	<filename>hen17.jpg</filename>
	<path>C:\Users\sainty y nico\Documents\imagesfix\hen17.jpg</path>
	<source>
		<database>Unknown</database>
	</source>
	<size>
		<width>300</width>
		<height>300</height>
		<depth>3</depth>
	</size>
	<segmented>0</segmented>
	<object>
		<name>hen</name>
		<pose>Unspecified</pose>
		<truncated>0</truncated>
		<difficult>0</difficult>
		<bndbox>
			<xmin>56</xmin>
			<ymin>9</ymin>
			<xmax>204</xmax>
			<ymax>223</ymax>
		</bndbox>
	</object>
	<object>
		<name>hen</name>
		<pose>Unspecified</pose>
		<truncated>0</truncated>
		<difficult>0</difficult>
		<bndbox>
			<xmin>196</xmin>
			<ymin>82</ymin>
			<xmax>264</xmax>
			<ymax>255</ymax>
		</bndbox>
	</object>
</annotation>
