<annotation>
	<folder>imagesfix</folder>
	<filename>hen19.jpg</filename>
	<path>C:\Users\sainty y nico\Documents\imagesfix\hen19.jpg</path>
	<source>
		<database>Unknown</database>
	</source>
	<size>
		<width>300</width>
		<height>300</height>
		<depth>3</depth>
	</size>
	<segmented>0</segmented>
	<object>
		<name>hen</name>
		<pose>Unspecified</pose>
		<truncated>0</truncated>
		<difficult>0</difficult>
		<bndbox>
			<xmin>102</xmin>
			<ymin>43</ymin>
			<xmax>229</xmax>
			<ymax>233</ymax>
		</bndbox>
	</object>
	<object>
		<name>hen</name>
		<pose>Unspecified</pose>
		<truncated>0</truncated>
		<difficult>0</difficult>
		<bndbox>
			<xmin>59</xmin>
			<ymin>108</ymin>
			<xmax>160</xmax>
			<ymax>232</ymax>
		</bndbox>
	</object>
</annotation>
