<annotation>
	<folder>imagesfix</folder>
	<filename>hen2.jpg</filename>
	<path>C:\Users\sainty y nico\Documents\imagesfix\hen2.jpg</path>
	<source>
		<database>Unknown</database>
	</source>
	<size>
		<width>300</width>
		<height>300</height>
		<depth>3</depth>
	</size>
	<segmented>0</segmented>
	<object>
		<name>hen</name>
		<pose>Unspecified</pose>
		<truncated>0</truncated>
		<difficult>0</difficult>
		<bndbox>
			<xmin>97</xmin>
			<ymin>127</ymin>
			<xmax>197</xmax>
			<ymax>254</ymax>
		</bndbox>
	</object>
	<object>
		<name>hen</name>
		<pose>Unspecified</pose>
		<truncated>0</truncated>
		<difficult>0</difficult>
		<bndbox>
			<xmin>180</xmin>
			<ymin>109</ymin>
			<xmax>249</xmax>
			<ymax>225</ymax>
		</bndbox>
	</object>
	<object>
		<name>hen</name>
		<pose>Unspecified</pose>
		<truncated>0</truncated>
		<difficult>0</difficult>
		<bndbox>
			<xmin>63</xmin>
			<ymin>102</ymin>
			<xmax>133</xmax>
			<ymax>216</ymax>
		</bndbox>
	</object>
	<object>
		<name>hen</name>
		<pose>Unspecified</pose>
		<truncated>0</truncated>
		<difficult>0</difficult>
		<bndbox>
			<xmin>142</xmin>
			<ymin>63</ymin>
			<xmax>187</xmax>
			<ymax>137</ymax>
		</bndbox>
	</object>
	<object>
		<name>hen</name>
		<pose>Unspecified</pose>
		<truncated>0</truncated>
		<difficult>0</difficult>
		<bndbox>
			<xmin>150</xmin>
			<ymin>29</ymin>
			<xmax>203</xmax>
			<ymax>106</ymax>
		</bndbox>
	</object>
	<object>
		<name>hen</name>
		<pose>Unspecified</pose>
		<truncated>0</truncated>
		<difficult>0</difficult>
		<bndbox>
			<xmin>117</xmin>
			<ymin>43</ymin>
			<xmax>150</xmax>
			<ymax>104</ymax>
		</bndbox>
	</object>
</annotation>
